source_path,project_path,size_bytes,sha256
/home/Akira/Downloads/Math_Hackathon_2026_赛题/attachments/三维Litz线赛题.zip,materials/competition/attachments/三维Litz线赛题.zip,1148505,f0b8bbd1d770286bb93e6527572f6e4a36b3c869bfb14af9cfe63c66af17ec2c
/home/Akira/Downloads/Math_Hackathon_2026_赛题/attachments/赛题一.rar,materials/competition/attachments/赛题一.rar,403698876,7810b93e5eb4cf55d61f839729344fab52b46db50cb88b2905fc443fbc821fe7
/home/Akira/Downloads/Math_Hackathon_2026_赛题/docs/00_附件清单与网页赛题.md,materials/competition/docs/00_附件清单与网页赛题.md,4834,bde96990be2e499796c2b199b7d3670e4a8c94ff7338bd64c74da81cf83188c4
/home/Akira/Downloads/Math_Hackathon_2026_赛题/docs/01_赛道评估与数学基础.md,materials/competition/docs/01_赛道评估与数学基础.md,16595,0f4c3252ed7d1f82d15efc3470272776775534394b535801e51fa355f335e61c
/home/Akira/Downloads/Math_Hackathon_2026_赛题/docs/数据结构核查.json,materials/competition/docs/数据结构核查.json,5312,a3c852bc04ae8aebb439623f2e0edeb6c3671e2e13b56822f584d9e50f066362
/home/Akira/Downloads/Math_Hackathon_2026_赛题/extracted/三维Litz线赛题/三维拓扑编织Litz线数学建模赛题.md,materials/competition/extracted/三维Litz线赛题/三维拓扑编织Litz线数学建模赛题.md,22847,1b2893daec74304bbd9b24d9d8467b9f3c02f1f03b5c55e71a499061e13863ab
/home/Akira/Downloads/Math_Hackathon_2026_赛题/extracted/三维Litz线赛题/三维拓扑编织Litz线数学建模赛题.pdf,materials/competition/extracted/三维Litz线赛题/三维拓扑编织Litz线数学建模赛题.pdf,1770113,262267eb8174baf081d8422f1b874472c5016667fc55f391abddec3f119cfce5
/home/Akira/Downloads/Math_Hackathon_2026_赛题/extracted/三维Litz线赛题/图1_趋肤效应示意.png,materials/competition/extracted/三维Litz线赛题/图1_趋肤效应示意.png,81613,d9ccee0f165debbbf2058581c558e527b9f25c7256f22a705abb3c5f61b4c079
/home/Akira/Downloads/Math_Hackathon_2026_赛题/extracted/三维Litz线赛题/图2_绞合与三维编织对比.png,materials/competition/extracted/三维Litz线赛题/图2_绞合与三维编织对比.png,137947,b004c7e3796f705ff8ec2a0b5e2a3ac77cc983985d5e3bc63b884c7c1a9f559b
/home/Akira/Downloads/Math_Hackathon_2026_赛题/extracted/赛题一/黑客松赛题-关老师/新时代教育AI增量价值评价建模方法-赛题终版（最终交付版）.md,materials/competition/extracted/赛题一/黑客松赛题-关老师/新时代教育AI增量价值评价建模方法-赛题终版（最终交付版）.md,21487,999192a5bbf1eb640e4996c547e4f51dc68adc915897b3b114fcb010535f43d9
/home/Akira/Downloads/Math_Hackathon_2026_赛题/extracted/赛题一/黑客松赛题-关老师/附件2-2025 年秋季学期脱敏数据/2025秋-数学模型-课程反馈详情记录.docx,materials/competition/extracted/赛题一/黑客松赛题-关老师/附件2-2025 年秋季学期脱敏数据/2025秋-数学模型-课程反馈详情记录.docx,238383,e59887f3dcdcc818de2d22bb6a923cf13b758b2b99214f5b9b080595417633f9
/home/Akira/Downloads/Math_Hackathon_2026_赛题/extracted/赛题一/黑客松赛题-关老师/附件2-2025 年秋季学期脱敏数据/2025秋-数学模型-课程智能体“探知侠”使用讨论.docx,materials/competition/extracted/赛题一/黑客松赛题-关老师/附件2-2025 年秋季学期脱敏数据/2025秋-数学模型-课程智能体“探知侠”使用讨论.docx,206434179,5815cb35d5872f25594e6e1a82806db0dafee24f80b26fe135db5f3b7290452a
/home/Akira/Downloads/Math_Hackathon_2026_赛题/extracted/赛题一/黑客松赛题-关老师/附件2-2025 年秋季学期脱敏数据/2025秋-数学模型-课程智能体“数模全才”使用讨论.docx,materials/competition/extracted/赛题一/黑客松赛题-关老师/附件2-2025 年秋季学期脱敏数据/2025秋-数学模型-课程智能体“数模全才”使用讨论.docx,194017453,3ec2ed8e525ebbfd02401c6a16be5043e83722f3aec0d6562977112fbbc62482
/home/Akira/Downloads/Math_Hackathon_2026_赛题/extracted/赛题一/黑客松赛题-关老师/附件2-2025 年秋季学期脱敏数据/2025秋-数学模型-问答记录导出20260502导出_已标注_已更新.xlsx,materials/competition/extracted/赛题一/黑客松赛题-关老师/附件2-2025 年秋季学期脱敏数据/2025秋-数学模型-问答记录导出20260502导出_已标注_已更新.xlsx,1639507,7693e033e9452f605027b2846429a2678e4350f1d6a9e541c8a715dc5619c8db
/home/Akira/Downloads/Math_Hackathon_2026_赛题/extracted/赛题一/黑客松赛题-关老师/附件2-2025 年秋季学期脱敏数据/~$2025秋-数学模型-问答记录导出20260502导出_已标注.xlsx,materials/competition/extracted/赛题一/黑客松赛题-关老师/附件2-2025 年秋季学期脱敏数据/~$2025秋-数学模型-问答记录导出20260502导出_已标注.xlsx,165,973b0c34686352d77c81f13a8fb5bceafd958c1657abc33711934071ffb2464b
/home/Akira/Downloads/Math_Hackathon_2026_赛题/extracted/赛题一/黑客松赛题-关老师/附件3-2026年春季学期脱敏数据/~$2026春-数学模型-智能体-探知侠-逆行侠-数模匹配知识点-问答记录20260502导出_已分类_已统计.xlsx,materials/competition/extracted/赛题一/黑客松赛题-关老师/附件3-2026年春季学期脱敏数据/~$2026春-数学模型-智能体-探知侠-逆行侠-数模匹配知识点-问答记录20260502导出_已分类_已统计.xlsx,165,973b0c34686352d77c81f13a8fb5bceafd958c1657abc33711934071ffb2464b
/home/Akira/Downloads/Math_Hackathon_2026_赛题/extracted/赛题一/黑客松赛题-关老师/附件3-2026年春季学期脱敏数据/请大家对本学期线上线下融合授课-参与数据.xlsx,materials/competition/extracted/赛题一/黑客松赛题-关老师/附件3-2026年春季学期脱敏数据/请大家对本学期线上线下融合授课-参与数据.xlsx,18175,b988eac0d20fb59f9e1939a4c6b39bd50e3cac63eaac9c38ea75b8706e01e8d4
/home/Akira/Downloads/Math_Hackathon_2026_赛题/extracted/赛题一/黑客松赛题-关老师/附件3-2026年春季学期脱敏数据/请大家对本学期线上线下融合授课.docx,materials/competition/extracted/赛题一/黑客松赛题-关老师/附件3-2026年春季学期脱敏数据/请大家对本学期线上线下融合授课.docx,122177,a5f7205ca26635390ab6e36b3f1d763eb1c006653129324eab6d418a717556d8
/home/Akira/Downloads/Math_Hackathon_2026_赛题/extracted/赛题一/黑客松赛题-关老师/附件3-2026年春季学期脱敏数据/课程智能体“探知侠的引导学习空间-参与数据.xlsx,materials/competition/extracted/赛题一/黑客松赛题-关老师/附件3-2026年春季学期脱敏数据/课程智能体“探知侠的引导学习空间-参与数据.xlsx,18245,644b592792e38bc95f620870ae6ee6c6f29845efc593581b61f12ee2c85fec97
/home/Akira/Downloads/Math_Hackathon_2026_赛题/extracted/赛题一/黑客松赛题-关老师/附件3-2026年春季学期脱敏数据/课程智能体“探知侠的引导学习空间.docx,materials/competition/extracted/赛题一/黑客松赛题-关老师/附件3-2026年春季学期脱敏数据/课程智能体“探知侠的引导学习空间.docx,2465340,53e2509ae3f92fb4d3b3a19353f9e89dd541b5331fa45939dbd903927afcf447
/home/Akira/Downloads/Math_Hackathon_2026_赛题/extracted/赛题一/黑客松赛题-关老师/附件3-2026年春季学期脱敏数据/课程智能体“数学模型匹配专业知识点-参与数据.xlsx,materials/competition/extracted/赛题一/黑客松赛题-关老师/附件3-2026年春季学期脱敏数据/课程智能体“数学模型匹配专业知识点-参与数据.xlsx,18230,1bf57338154657e960673aaba39c25f34e8d492e8b282ed5745114e908568d9b
/home/Akira/Downloads/Math_Hackathon_2026_赛题/extracted/赛题一/黑客松赛题-关老师/附件3-2026年春季学期脱敏数据/课程智能体“数学模型匹配专业知识点.docx,materials/competition/extracted/赛题一/黑客松赛题-关老师/附件3-2026年春季学期脱敏数据/课程智能体“数学模型匹配专业知识点.docx,1790348,452ba1499f4d70b74649e4b7b07bb0a093a839f89da42d09a71a183962c584b6
/home/Akira/Downloads/Math_Hackathon_2026_赛题/extracted/赛题一/黑客松赛题-关老师/附件3-2026年春季学期脱敏数据/课程智能体“逆行侠的探索空间”-参与数据.xlsx,materials/competition/extracted/赛题一/黑客松赛题-关老师/附件3-2026年春季学期脱敏数据/课程智能体“逆行侠的探索空间”-参与数据.xlsx,17004,89de393e36aa1786b679fb27908b4a7f3bb919c1a0e0b514bd61cbaa71d600dc
/home/Akira/Downloads/Math_Hackathon_2026_赛题/extracted/赛题一/黑客松赛题-关老师/附件3-2026年春季学期脱敏数据/课程智能体“逆行侠的探索空间”.docx,materials/competition/extracted/赛题一/黑客松赛题-关老师/附件3-2026年春季学期脱敏数据/课程智能体“逆行侠的探索空间”.docx,132781,a2289563915e233c3b40df4ef377861c62a81fc4eac6b031c1b7b55d230c8f59
/home/Akira/Downloads/Math_Hackathon_2026_赛题/extracted/赛题一/黑客松赛题-关老师/附件3-2026年春季学期脱敏数据/问答记录导出0919_已更新.xlsx,materials/competition/extracted/赛题一/黑客松赛题-关老师/附件3-2026年春季学期脱敏数据/问答记录导出0919_已更新.xlsx,3627926,48e225c60816545c24fec4de18ff767cd71e3382931abcc6400697711a15b4c1
/home/Akira/Downloads/math_hackathon_snapshots.json,materials/web-snapshots/math_hackathon_snapshots.json,53925,1c794b4c6b758f5b3ca1d6ef6bdf90b9f534d9f9374d6458e164bd9676443273
/home/Akira/Downloads/math_hackathon_views_clean.txt,materials/web-snapshots/math_hackathon_views_clean.txt,42217,d2e83ec9ec3af220cea8578ec62955305da3c2c2c724aeb8c64b57bffab2d91f
/home/Akira/Downloads/math_hackathon_unique_lines.txt,materials/web-snapshots/math_hackathon_unique_lines.txt,5595,acb12cdbbb5fbc61e3378fca00caaaafac11047f9f6ef9ecf0ee07119fdd7364
/home/Akira/Downloads/math_hackathon_all_views.txt,materials/web-snapshots/math_hackathon_all_views.txt,49595,20750e1cb37fa3c3a25bf2b435492a8617d345807f3527d1c8c9b09f31700479
